,City,Lat,Lng,Max Temp,Humidity,Cloudiness,Wind Speed,Country,Date
0,Mitsamiouli,-11.3847,43.2844,83.5,66,41,2.89,KM,1612465417
1,Vila Velha,-20.3297,-40.2925,86.0,62,40,18.41,BR,1612465282
2,Chisec,15.8167,-90.2833,75.2,46,0,6.91,GT,1612465219
3,Puerto Ayora,-0.7393,-90.3518,86.0,62,0,5.75,EC,1612465425
4,Kavieng,-2.5744,150.7967,82.74,74,50,7.07,PG,1612465425
5,Hofn,64.2539,-15.2082,35.74,81,100,13.82,IS,1612465425
6,Fortuna,40.5982,-124.1573,50.0,81,1,6.04,US,1612465426
7,Castro,-24.7911,-50.0119,75.33,87,99,9.93,BR,1612465224
8,Chokurdakh,70.6333,147.9167,-7.96,85,0,18.75,RU,1612465426
9,Yagodnoye,62.55,149.6667,-14.46,86,100,3.71,RU,1612465426
10,Bluff,-46.6,168.3333,47.26,82,8,8.1,NZ,1612465426
11,Faya,18.3851,42.4509,60.8,44,0,5.75,SA,1612465427
12,Formosa,-26.1775,-58.1781,82.4,57,40,10.36,AR,1612465346
13,Los Llanos De Aridane,28.6585,-17.9182,64.4,42,20,4.61,ES,1612465296
14,Ushuaia,-54.8,-68.3,55.4,67,20,41.43,AR,1612465222
15,Rikitea,-23.1203,-134.9692,78.3,69,75,10.76,PF,1612465427
16,Saskylakh,71.9167,114.0833,-42.0,75,0,4.56,RU,1612465428
17,New Norfolk,-42.7826,147.0587,64.99,60,60,1.01,AU,1612465428
18,Hong Kong,22.2855,114.1577,64.99,83,1,15.79,HK,1612465397
19,Krasnogorskiy,54.6025,61.231,27.81,98,100,6.67,RU,1612465428
20,George Town,5.4112,100.3354,77.0,65,20,2.3,MY,1612465239
21,Isangel,-19.55,169.2667,78.17,79,5,5.91,VU,1612465428
22,Chui,-33.6971,-53.4616,72.9,62,15,18.41,UY,1612465429
23,Cape Town,-33.9258,18.4232,70.0,73,0,17.27,ZA,1612465376
24,Saint Paul Harbor,57.79,-152.4072,19.4,86,40,6.91,US,1612465429
25,Bambous Virieux,-20.3428,57.7575,80.6,74,40,11.5,MU,1612465429
26,Novaya Igirma,57.1334,103.9112,4.08,93,100,4.0,RU,1612465430
27,Port Alfred,-33.5906,26.891,69.01,85,32,11.16,ZA,1612465430
28,Punta Arenas,-53.15,-70.9167,62.6,42,0,29.93,CL,1612465430
29,Qaanaaq,77.484,-69.3632,-21.01,58,67,6.87,GL,1612465430
30,Yinchuan,38.4681,106.2731,33.03,71,100,9.17,CN,1612465430
31,Viedma,-40.8135,-62.9967,95.0,16,0,1.99,AR,1612465225
32,Iberia,29.9502,-91.7507,66.2,72,90,20.71,US,1612465237
33,Fairbanks,64.8378,-147.7164,-8.0,77,90,3.44,US,1612465411
34,Binzhou,37.3667,118.0167,46.0,35,100,3.0,CN,1612465431
35,Ponta Do Sol,32.6667,-17.1,50.0,65,100,8.99,PT,1612465431
36,Uvat,59.1433,68.8953,8.89,94,100,5.57,RU,1612465431
37,Solwezi,-12.1688,26.3894,64.38,92,92,3.04,ZM,1612465257
38,Mataura,-46.1927,168.8643,43.81,85,12,3.67,NZ,1612465431
39,Tuktoyaktuk,69.4541,-133.0374,-38.2,67,40,11.5,CA,1612465392
40,Kropotkin,45.4375,40.5756,49.6,64,100,6.06,RU,1612465432
41,Busselton,-33.65,115.3333,54.0,77,40,11.45,AU,1612465432
42,Mar Del Plata,-38.0023,-57.5575,71.6,64,20,20.71,AR,1612465149
43,Gaillac,43.9016,1.8969,54.0,82,73,3.0,FR,1612465432
44,Thompson,55.7435,-97.8558,-7.6,71,90,11.5,CA,1612465432
45,Vila,42.0304,-8.1588,46.99,91,100,2.04,PT,1612465432
46,Huitziltepec,17.8167,-99.4667,85.51,27,0,4.03,MX,1612465432
47,The Valley,18.217,-63.0578,84.2,69,20,13.8,AI,1612465433
48,Pangai,-19.8,-174.35,81.05,85,100,15.23,TO,1612465433
49,Yellowknife,62.456,-114.3525,-24.0,68,1,10.36,CA,1612465433
50,Varzelândia,-15.7014,-44.0275,86.31,48,17,5.17,BR,1612465433
51,Vaini,-21.2,-175.2,78.8,94,75,4.61,TO,1612465433
52,Cayenne,4.9333,-52.3333,84.2,70,75,12.66,GF,1612465209
53,Albany,42.6001,-73.9662,37.0,51,20,11.5,US,1612465434
54,Lüderitz,-26.6481,15.1594,71.37,56,0,24.63,NA,1612465434
55,Rome,43.2128,-75.4557,35.6,55,1,8.05,US,1612465425
56,Sarai Alamgir,32.9012,73.7559,55.4,76,40,2.53,PK,1612465434
57,Avarua,-21.2078,-159.775,80.6,83,100,3.44,CK,1612465435
58,Ponta Delgada,37.7333,-25.6667,55.4,67,40,25.32,PT,1612465435
59,San Quintín,30.4833,-115.95,62.13,65,98,16.28,MX,1612465435
60,Saint George,37.1041,-113.5841,52.0,34,1,2.35,US,1612465152
61,Kumul,42.8,93.45,26.67,85,0,0.96,CN,1612465435
62,Korgen,66.0771,13.8153,9.0,85,0,2.3,NO,1612465435
63,Bethel,41.3712,-73.414,39.2,48,1,11.5,US,1612465435
64,Laguna,38.421,-121.4238,53.01,50,1,8.05,US,1612465397
65,Husavik,66.0449,-17.3389,26.6,74,20,6.91,IS,1612465436
66,Bredasdorp,-34.5322,20.0403,68.0,68,95,5.75,ZA,1612465436
67,Te Anau,-45.4167,167.7167,51.06,85,30,0.54,NZ,1612465436
68,Tasiilaq,65.6145,-37.6368,26.6,86,90,17.27,GL,1612465436
69,Hermanus,-34.4187,19.2345,70.0,73,66,1.01,ZA,1612465436
70,Hasaki,35.7333,140.8333,32.0,55,0,5.75,JP,1612465437
71,Mauganj,24.6833,81.8833,62.13,31,0,9.06,IN,1612465437
72,East London,-33.0153,27.9116,71.6,78,75,3.44,ZA,1612465437
73,Aitape,-3.1374,142.3475,78.22,83,59,4.68,PG,1612465437
74,Bengkulu,-3.8004,102.2655,75.61,85,100,4.43,ID,1612465437
75,Carnarvon,-24.8667,113.6333,78.75,85,100,20.49,AU,1612465438
76,Kapaa,22.0752,-159.319,62.6,77,40,4.61,US,1612465438
77,Berlevåg,70.8578,29.0864,28.4,80,75,23.02,NO,1612465438
78,Esperance,-33.8667,121.9,55.4,76,90,2.3,AU,1612465153
79,Port Elizabeth,-33.918,25.5701,69.8,83,20,3.44,ZA,1612465438
80,Aripuanã,-9.1667,-60.6333,89.46,62,91,2.3,BR,1612465438
81,Barcelos,41.5388,-8.6151,52.0,93,40,4.61,PT,1612465403
82,Dudinka,69.4058,86.1778,-29.81,85,86,5.61,RU,1612465438
83,Clyde River,70.4692,-68.5914,-20.2,76,75,8.05,CA,1612465439
84,Atuona,-9.8,-139.0333,78.39,70,80,11.07,PF,1612465439
85,Rocha,-34.4833,-54.3333,70.79,60,100,19.48,UY,1612465439
86,Fort Nelson,58.8053,-122.7002,-16.6,69,75,3.44,CA,1612465223
87,Matara,5.9485,80.5353,74.03,83,95,6.89,LK,1612465439
88,Vadsø,70.0744,29.7487,24.8,86,75,8.05,NO,1612465439
89,Khatanga,71.9667,102.5,-30.57,78,0,8.28,RU,1612465439
90,Kang,-23.6752,22.7876,70.34,83,100,6.02,BW,1612465440
91,Solnechnyy,50.7214,136.6319,-21.32,81,15,3.11,RU,1612465440
92,Yangi Marg`Ilon,40.4272,71.7189,33.8,75,8,9.22,UZ,1612465440
93,Kaeo,-35.1,173.7833,62.01,91,47,4.0,NZ,1612465440
94,Ubari,26.5921,12.7805,58.12,34,8,7.99,LY,1612465440
95,Charters Towers,-20.1,146.2667,73.72,87,100,10.89,AU,1612465441
96,Abashiri,44.0213,144.2697,9.19,93,100,8.63,JP,1612465441
97,Upernavik,72.7868,-56.1549,-9.67,71,81,4.52,GL,1612465441
98,Bilma,18.6853,12.9164,67.35,25,0,7.16,NE,1612465441
99,Mocoa,1.1493,-76.6466,82.24,64,71,3.27,CO,1612465441
100,Salalah,17.0151,54.0924,73.4,68,40,2.3,OM,1612465441
101,La Rochelle,46.1667,-1.15,51.8,93,0,4.61,FR,1612465209
102,El Salvador,13.8333,-88.9167,87.8,42,0,9.22,SV,1612465442
103,Volchansk,59.9378,60.081,9.52,97,100,2.28,RU,1612465442
104,Bethanien,-26.502,17.1583,85.62,17,0,21.09,NA,1612465442
105,Amapá,1.0,-52.0,76.77,95,100,4.99,BR,1612465442
106,Butaritari,3.0707,172.7902,80.37,83,100,13.58,KI,1612465443
107,Hithadhoo,-0.6,73.0833,82.36,75,53,10.4,MV,1612465443
108,Kwang Binh,17.4833,106.6,68.32,90,39,6.89,VN,1612465443
109,Linhares,-19.3911,-40.0722,87.08,55,58,6.89,BR,1612465222
110,Lebu,-37.6167,-73.65,71.53,51,2,5.14,CL,1612465443
111,Mahébourg,-20.4081,57.7,80.6,74,40,11.5,MU,1612465443
112,Santoña,43.4439,-3.4576,51.01,93,90,6.2,ES,1612465444
113,Arraial Do Cabo,-22.9661,-42.0278,89.6,54,20,16.11,BR,1612465444
114,Souillac,-20.5167,57.5167,80.6,74,40,11.5,MU,1612465444
115,Priargunsk,50.3691,119.1012,-10.95,90,99,0.4,RU,1612465444
116,Cabo San Lucas,22.8909,-109.9124,82.0,31,20,3.44,MX,1612465445
117,Nikolskoye,59.7035,30.7861,10.99,85,0,13.42,RU,1612465445
118,Narsaq,60.9167,-46.05,19.4,38,20,5.41,GL,1612465445
119,Longyearbyen,78.2186,15.6401,17.6,67,75,13.8,SJ,1612465445
120,Touros,-5.1989,-35.4608,86.0,54,20,18.41,BR,1612465445
121,San Patricio,28.017,-97.5169,82.4,54,20,16.11,US,1612465445
122,Jamestown,42.097,-79.2353,34.0,51,1,6.91,US,1612465446
123,Korla,41.7597,86.1469,27.3,83,29,3.74,CN,1612465446
124,Cidreira,-30.1811,-50.2056,77.18,63,28,23.33,BR,1612465446
125,Marsh Harbour,26.5412,-77.0636,65.17,49,0,4.0,BS,1612465446
126,Iquique,-20.2208,-70.1431,75.2,57,0,11.5,CL,1612465438
127,Gwadar,25.1216,62.3254,68.14,46,0,11.59,PK,1612465377
128,Muyezerskiy,63.9333,31.65,2.14,92,100,11.95,RU,1612465447
129,Kalmar,56.6616,16.3616,21.0,86,0,6.91,SE,1612465447
130,Keetmanshoop,-26.5833,18.1333,89.35,14,0,22.57,NA,1612465447
131,Akdepe,42.0551,59.3788,46.4,70,100,9.22,TM,1612465447
132,Beringovskiy,63.05,179.3167,-0.15,93,100,16.53,RU,1612465447
133,Atar,20.5169,-13.0499,89.6,7,100,11.5,MR,1612465448
134,Airai,-8.9266,125.4092,60.89,100,100,3.89,TL,1612465448
135,Bathsheba,13.2167,-59.5167,84.2,58,20,21.85,BB,1612465448
136,Saint-Philippe,-21.3585,55.7679,80.6,69,0,2.3,RE,1612465448
137,Lorengau,-2.0226,147.2712,81.82,78,96,7.78,PG,1612465448
138,Jiwani,25.05,61.7417,67.5,62,0,10.31,PK,1612465448
139,Rome,34.257,-85.1647,46.99,49,90,3.44,US,1612465214
140,Karabulak,43.3036,44.8964,41.0,70,75,8.95,RU,1612465449
141,Norman Wells,65.282,-126.8329,-50.8,65,40,3.44,CA,1612465449
142,Tiarei,-17.5333,-149.3333,82.4,69,20,5.75,PF,1612465449
143,Vardø,70.3705,31.1107,28.4,64,75,17.27,NO,1612465449
144,Sandy Bay,-42.913,147.3532,64.99,82,51,5.75,AU,1612465449
145,North Platte,41.1239,-100.7654,39.2,48,1,16.11,US,1612465450
146,Carballo,43.213,-8.691,48.99,95,100,1.99,ES,1612465450
147,Bodden Town,19.2833,-81.25,78.8,57,20,14.97,KY,1612465450
148,Broome,42.2506,-75.833,36.0,60,1,8.05,US,1612465450
149,Port-Gentil,-0.7193,8.7815,84.2,84,40,6.91,GA,1612465450
150,Kaitangata,-46.2817,169.8464,51.01,76,45,1.99,NZ,1612465450
151,Huilong,31.8111,121.655,46.99,81,100,1.99,CN,1612465451
152,Arrondissement De Niort,46.3333,-0.3333,52.0,85,100,6.69,FR,1612465451
153,Pevek,69.7008,170.3133,-13.25,80,0,9.1,RU,1612465451
154,Barrow,71.2906,-156.7887,-23.8,76,1,3.44,US,1612465305
155,Lavrentiya,65.5833,-171.0,-13.4,85,98,16.73,RU,1612465451
156,Muscat,23.6139,58.5922,69.8,68,0,4.61,OM,1612465323
157,Ust-Nera,64.5667,143.2,-17.7,79,100,8.23,RU,1612465452
158,Kazanskaya,45.4106,40.4361,48.88,64,100,7.4,RU,1612465452
159,Hobart,-42.8794,147.3294,64.99,82,54,5.75,AU,1612465219
160,Coyhaique,-45.5752,-72.0662,87.8,22,0,6.91,CL,1612465452
161,Sabang,5.8933,95.3214,81.5,74,50,18.12,ID,1612465452
162,Constitución,-35.3333,-72.4167,71.26,59,12,6.46,CL,1612465256
163,Trenggalek,-8.05,111.7167,75.4,88,100,2.48,ID,1612465433
164,Qaqortoq,60.7167,-46.0333,19.4,38,20,4.59,GL,1612465453
165,Fairview,40.8126,-73.999,42.8,48,1,8.05,US,1612465444
166,Hilo,19.7297,-155.09,72.0,78,90,3.44,US,1612465427
167,Nānākuli,21.3906,-158.1547,68.0,73,20,12.55,US,1612465454
168,Caucayá,-0.1934,-74.7819,76.24,94,100,2.93,CO,1612465216
169,Thunder Bay,48.4001,-89.3168,33.01,93,90,4.61,CA,1612465182
170,Bandarbeyla,9.4942,50.8122,73.8,69,0,13.22,SO,1612465454
171,Kahului,20.8947,-156.47,69.8,73,40,6.91,US,1612465454
172,Haines Junction,60.7522,-137.5108,-25.6,68,99,1.16,CA,1612465454
173,Igarapava,-20.0383,-47.7469,83.8,71,95,4.18,BR,1612465454
174,Kautokeino,69.0125,23.0412,14.56,94,46,9.28,NO,1612465455
175,Saldanha,-33.0117,17.9442,68.0,68,0,10.36,ZA,1612465455
176,Ribeira Grande,38.5167,-28.7,57.2,58,40,4.61,PT,1612465455
177,Jalu,29.0331,21.5482,59.65,56,0,6.46,LY,1612465455
178,Mount Gambier,-37.8333,140.7667,53.6,94,90,10.36,AU,1612465303
179,Kalabagh,32.965,71.557,54.99,56,0,2.86,PK,1612465455
180,Half Moon Bay,37.4636,-122.4286,55.4,41,1,4.61,US,1612465456
181,Fukuechō,32.6881,128.8419,48.78,52,39,8.01,JP,1612465456
182,Paine,-33.8167,-70.75,89.6,35,0,6.17,CL,1612465456
183,San Ramon,37.7799,-121.978,55.99,30,1,10.36,US,1612465456
184,Tiksi,71.6872,128.8694,-24.41,87,100,3.96,RU,1612465456
185,Karpathos,35.507,27.2132,59.0,88,20,13.8,GR,1612465456
186,Suntar,62.1444,117.6319,-25.65,85,90,3.22,RU,1612465457
187,Edd,13.9297,41.6925,79.79,30,0,23.47,ER,1612465457
188,Avera,33.194,-82.5271,53.6,30,1,4.61,US,1612465457
189,Yatou,37.15,122.3833,35.62,85,100,12.93,CN,1612465457
190,San Diego,32.7153,-117.1573,62.01,63,75,8.05,US,1612465274
191,Broken Hill,-31.95,141.4333,68.0,64,83,16.11,AU,1612465458
192,Bairiki Village,1.3292,172.9752,78.8,83,75,12.66,KI,1612465458
193,Tarakan,3.3,117.6333,77.0,94,90,4.61,ID,1612465458
194,Vallenar,-28.5708,-70.7581,89.55,21,53,11.5,CL,1612465458
195,Trzebnica,51.3108,17.0633,33.01,93,90,4.61,PL,1612465458
196,Portland,45.5234,-122.6762,44.01,81,90,6.91,US,1612465148
197,Sakaiminato,35.55,133.2333,32.0,86,20,6.91,JP,1612465287
198,Pilar,-9.5972,-35.9567,86.0,66,40,16.11,BR,1612465459
199,Zhigalovo,54.8097,105.1578,5.72,92,100,3.0,RU,1612465459
200,Hirara,24.8,125.2833,66.85,66,91,15.59,JP,1612465459
201,Dunedin,-45.8742,170.5036,52.0,70,23,15.99,NZ,1612465459
202,Santa Rosa,14.3122,121.1114,79.0,73,40,2.3,PH,1612465459
203,Vestmannaeyjar,63.4427,-20.2734,37.4,87,75,26.46,IS,1612465460
204,Maïné Soroa,13.2114,12.0241,72.57,20,0,8.88,NE,1612465460
205,Sept-Îles,50.2001,-66.3821,34.0,80,100,4.61,CA,1612465460
206,Balaipungut,1.05,101.2833,75.2,94,20,2.17,ID,1612465460
207,Cap Malheureux,-19.9842,57.6142,80.01,76,0,5.99,MU,1612465460
208,Olinda,-8.0089,-34.8553,82.4,61,20,10.36,BR,1612465460
209,Planadas,3.197,-75.6451,79.45,59,86,3.76,CO,1612465461
210,Palmer,42.1584,-72.3287,37.0,60,75,5.75,US,1612465461
211,Homa Bay,-0.5273,34.4571,71.56,70,39,6.4,KE,1612465461
212,Provideniya,64.3833,-173.3,-11.22,87,100,28.27,RU,1612465461
213,Katsuura,35.1333,140.3,39.2,48,20,12.66,JP,1612465461
214,Prince Rupert,54.3161,-130.3201,41.0,93,90,5.75,CA,1612465461
215,Buala,-8.145,159.5921,78.67,82,97,8.41,SB,1612465461
216,Yorkton,51.2167,-102.4677,-2.2,78,1,20.71,CA,1612465234
217,Sitka,57.0531,-135.33,35.6,100,90,0.83,US,1612465462
218,Severomuysk,56.1481,113.4267,-14.73,90,97,3.76,RU,1612465462
219,Ngama,11.7833,17.1667,79.48,17,2,12.12,TD,1612465462
220,Lewistown,40.5992,-77.5714,41.0,48,1,3.89,US,1612465463
221,Bojnourd,37.4747,57.329,35.6,41,0,6.51,IR,1612465463
222,Kiunga,-6.1219,141.2906,73.83,98,100,2.19,PG,1612465463
223,Baruun-Urt,46.6806,113.2792,8.96,91,33,4.76,MN,1612465463
224,Chimoré,-16.9833,-65.1333,75.96,87,100,1.88,BO,1612465463
225,Vanimo,-2.6741,141.3028,78.21,82,93,5.19,PG,1612465271
226,Mumford,5.2618,-0.759,81.73,79,0,13.67,GH,1612465463
227,Zalesovo,53.9939,84.7431,5.77,94,100,3.15,RU,1612465464
228,Evensk,61.95,159.2333,1.99,86,100,28.25,RU,1612465464
229,Leningradskiy,69.3833,178.4167,-26.16,85,100,8.01,RU,1612465464
230,Krasnosel'Kup,65.7,82.4667,-15.61,88,88,7.16,RU,1612465465
231,Caravelas,-17.7125,-39.2481,83.7,62,0,9.53,BR,1612465465
232,Umm Kaddadah,13.6017,26.6876,71.02,22,12,15.9,SD,1612465465
233,Dikson,73.5069,80.5464,-9.06,91,100,11.3,RU,1612465465
234,Port Moresby,-9.4431,147.1797,77.0,88,20,5.75,PG,1612465465
235,Onega,63.9061,38.1404,8.73,93,100,11.21,RU,1612465465
236,Abonnema,4.7084,6.7931,87.8,70,20,8.05,NG,1612465328
237,São Filipe,14.8961,-24.4956,73.08,77,48,8.41,CV,1612465466
238,Puerto Colombia,10.9878,-74.9547,87.8,62,20,11.5,CO,1612465466
239,Banská Štiavnica,48.4486,18.91,42.01,80,5,4.0,SK,1612465466
240,Vanavara,60.34,102.2797,-10.84,90,100,2.66,RU,1612465467
241,Najrān,17.4924,44.1277,69.8,23,0,6.91,SA,1612465467
242,Severo-Kuril'Sk,50.6789,156.125,7.79,88,80,9.62,RU,1612465467
243,Nabire,-3.3667,135.4833,75.72,89,100,3.36,ID,1612465467
244,Ugoofaaru,5.6667,73.0,81.59,75,100,9.69,MV,1612465467
245,Tsaitien,30.5833,114.0333,46.4,100,90,2.24,CN,1612465467
246,Port Macquarie,-31.4333,152.9167,64.0,100,27,6.6,AU,1612465467
247,Conde,-7.2597,-34.9075,86.0,62,20,13.8,BR,1612465468
248,Brae,60.3964,-1.353,33.8,60,40,13.8,GB,1612465468
249,Celestún,20.8667,-90.4,76.71,47,0,5.17,MX,1612465468
250,Bismarck,46.8083,-100.7837,12.2,57,40,19.57,US,1612465221
251,Sysert',56.4953,60.8192,23.0,100,40,4.47,RU,1612465468
252,Sur,22.5667,59.5289,65.89,71,0,3.0,OM,1612465468
253,Nhulunbuy,-12.2333,136.7667,77.0,94,75,8.05,AU,1612465468
254,Nanortalik,60.1432,-45.2371,21.88,81,100,3.31,GL,1612465469
255,Acaraú,-2.8856,-40.12,84.99,62,35,17.81,BR,1612465212
256,Iqaluit,63.7506,-68.5145,10.4,85,90,26.46,CA,1612465469
257,Verkhnevilyuysk,63.4453,120.3167,-39.69,81,45,4.74,RU,1612465469
258,Kano,12.0001,8.5167,73.4,28,0,5.75,NG,1612465203
259,Chukhloma,58.7525,42.6825,7.99,96,90,5.1,RU,1612465469
260,Quatre Cocos,-20.2078,57.7625,80.6,74,40,11.5,MU,1612465469
261,Mossamedes,-15.1961,12.1522,73.45,72,0,12.44,AO,1612465470
262,Galle,6.0367,80.217,77.22,81,93,7.05,LK,1612465376
263,Tuy Hoa,13.0833,109.3,71.42,88,96,8.59,VN,1612465470
264,Pyshchug,58.8873,45.7134,14.11,97,100,5.32,RU,1612465470
265,Shiraz,29.6036,52.5388,46.4,42,0,2.01,IR,1612465357
266,Turba,59.0831,24.225,18.0,86,90,6.91,EE,1612465470
267,Faanui,-16.4833,-151.75,81.03,67,53,5.28,PF,1612465470
268,Fes,34.0372,-4.9998,59.0,88,50,10.36,MA,1612465471
269,Chifeng,42.2683,118.9636,22.28,88,0,12.06,CN,1612465396
270,Panzhihua,26.5851,101.7128,44.01,52,0,1.03,CN,1612465471
271,Codrington,-38.2667,141.9667,67.69,67,100,16.82,AU,1612465471
272,Saint-François,46.4154,3.9054,48.2,87,0,4.61,FR,1612465471
273,Wattegama,6.7989,81.4808,75.2,88,0,6.91,LK,1612465471
274,Jucuarán,13.2539,-88.2478,89.6,35,0,4.61,SV,1612465471
275,Bilibino,68.0546,166.4372,-20.87,73,59,10.36,RU,1612465471
276,Richards Bay,-28.783,32.0377,76.73,90,100,7.11,ZA,1612465472
277,Degtyarsk,56.704,60.0879,23.0,100,40,4.47,RU,1612465472
278,San Juan,-31.5375,-68.5364,88.77,20,0,4.83,AR,1612465237
279,Dingle,10.9995,122.6711,74.39,92,98,8.19,PH,1612465472
280,Navolato,24.7672,-107.6944,84.99,50,1,4.61,MX,1612465472
281,North Bend,43.4065,-124.2243,46.4,76,1,4.61,US,1612465472
282,Stornoway,58.2093,-6.3865,37.4,81,75,26.46,GB,1612465473
283,Lompoc,34.6391,-120.4579,60.8,41,1,5.75,US,1612465473
284,Bagdarin,54.4333,113.6,-8.57,85,100,2.82,RU,1612465473
285,Mezen',65.8522,44.24,-2.25,91,100,12.35,RU,1612465473
286,Pressbaum,48.176,16.0477,43.0,81,20,1.61,AT,1612465474
287,Pudozh,61.8099,36.5345,9.55,95,100,6.13,RU,1612465474
288,Bonnyville,54.2668,-110.735,-4.0,65,75,3.44,CA,1612465205
289,Ullapool,57.8987,-5.1604,34.0,46,100,18.99,GB,1612465474
290,Wahiawā,21.5028,-158.0236,64.4,94,90,5.75,US,1612465264
291,Tocopilla,-22.092,-70.1979,74.82,44,67,5.95,CL,1612465215
292,Kuching,1.55,110.3333,75.2,100,40,1.81,MY,1612465212
293,Monroe,43.1501,-77.6831,37.4,52,20,8.05,US,1612465289
294,Zhangjiakou Shi Xuanhua Qu,40.6103,115.0447,29.1,71,0,6.93,CN,1612465475
295,Karratha,-20.7377,116.8463,80.74,83,44,10.49,AU,1612465475
296,Borovoy,55.4333,86.0833,8.6,85,100,11.18,RU,1612465475
297,Fort-Shevchenko,44.5086,50.263,43.07,95,88,10.27,KZ,1612465475
298,Coihueco,-36.6167,-71.8333,95.0,18,0,5.75,CL,1612465390
299,Ust-Tsilma,65.441,52.1498,-1.55,91,100,6.91,RU,1612465476
300,Sibi,29.5448,67.8764,61.05,29,0,1.95,PK,1612465476
301,Trudobelikovskiy,45.2686,38.1631,52.0,63,100,16.67,RU,1612465476
302,Binga,-17.6203,27.3414,75.54,82,1,2.71,ZW,1612465476
303,Honiara,-9.4333,159.95,78.04,82,99,4.14,SB,1612465476
304,Torbay,47.6666,-52.7314,46.4,100,90,4.61,CA,1612465476
305,Marovoay,-16.1,46.6333,77.0,78,40,20.71,MG,1612465477
306,Saint-Augustin,51.226,-58.6502,35.04,97,100,3.44,CA,1612465477
307,Nemuro,43.3236,145.575,12.94,88,1,15.52,JP,1612465477
308,Adwa,14.1646,38.8955,57.63,34,0,1.86,ET,1612465477
309,Bokoro,12.3807,17.0568,78.01,18,0,12.01,TD,1612465330
310,Grand Gaube,-20.0064,57.6608,80.01,76,0,5.99,MU,1612465478
311,Bulgan,48.8125,103.5347,16.59,89,100,5.86,MN,1612465478
312,Serenje,-13.2325,30.2352,63.72,98,99,4.34,ZM,1612465478
313,Aklavik,68.2191,-135.0107,-45.4,66,20,2.3,CA,1612465478
314,Necochea,-38.5473,-58.7368,75.99,50,0,13.6,AR,1612465478
315,Okato,-39.2,173.8833,51.01,60,0,15.01,NZ,1612465478
316,Rawson,-43.3002,-65.1023,95.92,14,0,8.95,AR,1612465479
317,Galveston,29.3669,-94.9669,72.0,73,90,13.8,US,1612465359
318,Ixtapa,20.7,-105.2,77.0,61,1,10.36,MX,1612465479
319,Shingū,33.7333,135.9833,36.01,82,0,6.46,JP,1612465479
320,Melito Di Porto Salvo,37.9222,15.7714,55.99,76,90,5.75,IT,1612465480
321,Yüksekova,37.5736,44.2872,37.4,81,75,4.61,TR,1612465480
322,Belyy Yar,53.6039,91.3903,14.0,79,0,2.24,RU,1612465480
323,Ternate,0.8,127.4,79.99,79,100,4.7,ID,1612465480
324,Opunake,-39.4556,173.8583,51.01,87,0,3.0,NZ,1612465480
325,Port Hardy,50.6996,-127.4199,41.0,93,90,9.22,CA,1612465375
326,Ciudad Bolivar,8.1222,-63.5497,91.63,46,90,13.4,VE,1612465480
327,Belaya Gora,68.5333,146.4167,-15.75,85,100,11.07,RU,1612465481
328,Mogadishu,2.0371,45.3438,77.45,82,0,21.07,SO,1612465481
329,Tilichiki,60.4667,166.1,-5.19,93,4,12.17,RU,1612465481
330,Antalaha,-14.9003,50.2788,76.75,89,69,4.85,MG,1612465481
331,Harper,4.375,-7.7169,79.63,87,15,5.68,LR,1612465481
332,Coquimbo,-29.9533,-71.3436,66.2,68,0,13.8,CL,1612465481
333,Santa María Del Oro,25.9333,-105.3667,75.9,16,55,5.39,MX,1612465482
334,Makīnsk,52.6292,70.4169,19.02,98,95,6.93,KZ,1612465482
335,Garut,-7.2024,107.8878,68.41,86,100,4.34,ID,1612465482
336,Panjāb,34.388,67.0233,5.68,68,0,3.67,AF,1612465482
337,Tabas,33.5959,56.9244,50.0,22,0,6.91,IR,1612465482
338,Laas,46.6166,10.7002,41.0,80,0,4.61,IT,1612465482
339,Cockburn Town,21.4612,-71.1419,75.2,64,40,9.22,TC,1612465483
340,Kuah,6.3265,99.8432,80.6,65,20,9.22,MY,1612465483
341,Bereda,43.2686,-7.5406,50.0,89,100,1.99,ES,1612465483
342,Pontianak,-0.0333,109.3333,75.2,100,75,3.44,ID,1612465483
343,Muros,42.7762,-9.0603,54.0,84,100,2.93,ES,1612465483
344,Dārāb,28.7519,54.5444,53.33,36,0,1.88,IR,1612465483
345,Rapu-Rapu,13.1866,124.1256,79.86,82,49,21.61,PH,1612465483
346,Two Hills,53.7169,-111.7518,1.4,100,100,6.91,CA,1612465484
347,Vila Franca Do Campo,37.7167,-25.4333,55.4,67,40,25.32,PT,1612465484
348,Deputatsky,69.3,139.9,-16.69,90,100,4.83,RU,1612465484
349,Loknya,56.83,30.1467,13.19,95,100,7.65,RU,1612465484
350,Concarneau,47.875,-3.9225,48.2,93,75,4.61,FR,1612465484
351,Aldergrove,49.058,-122.4709,43.0,93,90,10.36,CA,1612465484
352,Gizo Government Station,-8.103,156.8419,81.43,74,46,8.77,SB,1612465485
353,Talnakh,69.4865,88.3972,-21.44,86,99,2.37,RU,1612465485
354,Redcliffe,-27.2307,153.0973,70.0,88,0,8.05,AU,1612465485
355,Cologne,50.9333,6.95,48.0,71,20,6.91,DE,1612465485
356,Kidodi,-7.6036,37.0044,75.79,77,89,1.88,TZ,1612465485
357,Kruisfontein,-34.0033,24.7314,69.01,85,1,1.99,ZA,1612465486
358,Hämeenlinna,60.996,24.4643,9.0,85,20,4.61,FI,1612465486
359,Rio Tuba,8.5061,117.4317,79.66,80,100,11.12,PH,1612465486
360,Uddevalla,58.3478,11.9424,10.4,85,20,2.3,SE,1612465486
361,Hailun,47.45,126.9333,-10.7,90,100,8.55,CN,1612465486
362,Coruripe,-10.1256,-36.1756,83.05,69,0,16.67,BR,1612465486
363,Sibolga,1.7427,98.7792,76.19,84,100,2.46,ID,1612465486
364,Bonfim,3.0833,-59.95,77.0,100,75,11.5,BR,1612465486
365,Alofi,-19.0595,-169.9187,75.2,100,100,6.91,NU,1612465222
366,Yar-Sale,66.8333,70.8333,-23.42,86,29,6.93,RU,1612465487
367,Ende,-8.8432,121.6623,78.33,78,100,4.38,ID,1612465487
368,Suixi,33.8907,116.7747,44.37,58,100,4.94,CN,1612465487
369,Margate,51.3813,1.3862,46.0,88,100,1.99,GB,1612465487
370,Prainha,-1.8,-53.48,93.54,43,100,6.93,BR,1612465487
371,Marabu,4.4148,114.0089,77.0,100,40,4.61,MY,1612465488
372,Takoradze,4.8845,-1.7554,80.51,82,46,10.54,GH,1612465488
373,Lethem,3.3803,-59.7968,77.0,100,75,11.5,GY,1612465488
374,Hihyā,30.6713,31.588,60.8,82,0,9.22,EG,1612465488
375,Tripoli,32.8752,13.1875,65.7,50,96,9.93,LY,1612465356
376,Bezhetsk,57.7851,36.6965,6.69,95,100,6.76,RU,1612465489
377,Klyuchi,52.2667,79.1667,20.57,98,100,3.91,RU,1612465489
378,College,64.8569,-147.8028,-8.0,70,90,4.61,US,1612465489
379,Ilulissat,69.2167,-51.1,-0.4,32,1,10.36,GL,1612465489
380,Westport,41.1415,-73.3579,41.0,45,1,11.5,US,1612465489
381,Morón,-34.6534,-58.6198,84.99,33,0,5.01,AR,1612465489
382,Kulhudhuffushi,6.6221,73.07,81.61,73,99,7.74,MV,1612465490
383,Bandar-E Lengeh,26.5579,54.8807,64.4,72,0,4.61,IR,1612465491
384,Amahai,-3.3333,128.9167,78.12,81,100,2.95,ID,1612465491
385,Kumluca,36.3703,30.2869,62.28,44,0,6.46,TR,1612465491
386,Olovyannaya,50.95,115.5667,5.9,90,0,10.38,RU,1612465491
387,Mangan,27.5167,88.5333,52.77,37,0,5.55,IN,1612465492
388,Katobu,-4.9408,122.5276,75.92,90,100,1.19,ID,1612465492
389,Kodlipet,12.8,75.8833,65.3,74,5,3.65,IN,1612465492
390,Malé,4.1748,73.5089,82.4,78,75,11.5,MV,1612465492
391,Alice Springs,-23.7,133.8833,75.2,88,90,12.66,AU,1612465492
392,Sierra Vista,31.5545,-110.3037,66.0,19,1,21.85,US,1612465492
393,Aswān,24.0934,32.907,61.75,44,0,8.12,EG,1612465493
394,Ambovombe,-25.1667,46.0833,79.0,81,96,7.9,MG,1612465493
395,Port Hedland,-20.3167,118.5667,78.8,94,75,6.91,AU,1612465493
396,Lata,40.1629,-8.3327,54.0,87,93,0.45,PT,1612465493
397,Goderich,43.7501,-81.7165,32.0,51,100,9.22,CA,1612465205
398,Purpe,64.4803,76.6897,-13.54,89,86,7.61,RU,1612465493
399,Camaná,-16.6228,-72.7111,75.22,65,96,8.46,PE,1612465204
400,Bundaberg,-24.85,152.35,71.01,94,31,6.91,AU,1612465494
401,Kyshtovka,56.555,76.6271,4.84,93,84,4.47,RU,1612465494
402,Chrysochori,40.9333,24.7167,51.01,100,75,2.3,GR,1612465494
403,Buin,-33.7333,-70.75,89.6,29,0,9.22,CL,1612465494
404,Kavaratti,10.5669,72.642,81.54,70,30,9.66,IN,1612465494
405,Xining,36.6167,101.7667,22.24,63,0,4.92,CN,1612465494
406,Nome,64.5011,-165.4064,-0.4,50,75,9.22,US,1612465494
407,Houma,29.5958,-90.7195,72.0,60,75,13.8,US,1612465287
408,Kangaatsiaq,68.3065,-53.4641,-1.25,85,0,15.86,GL,1612465495
409,Porto Seguro,-16.4497,-39.0647,84.2,61,20,17.27,BR,1612465417
410,Prince George,53.9166,-122.753,28.0,86,90,8.05,CA,1612465495
411,Lillehammer,61.1146,10.4674,5.72,84,0,7.14,NO,1612465495
412,Hemsedal,60.8629,8.5534,-5.01,76,0,5.03,NO,1612465495
413,Kargasok,59.0556,80.8572,3.72,94,77,8.03,RU,1612465495
414,Srednekolymsk,67.45,153.6833,-2.06,82,100,17.9,RU,1612465496
415,‘Ewa Beach,21.3156,-158.0072,68.0,73,20,10.74,US,1612465496
416,Makakilo City,21.3469,-158.0858,68.0,73,20,11.61,US,1612465496
417,Fare,-16.7,-151.0167,81.01,66,25,5.23,PF,1612465496
418,Klaksvík,62.2266,-6.589,35.6,55,20,21.85,FO,1612465496
419,Saint-Pierre,-21.3393,55.4781,80.6,69,0,2.3,RE,1612465496
420,Abengourou,6.7297,-3.4964,84.9,57,1,6.98,CI,1612465497
421,Okha,53.5739,142.9478,-12.32,88,100,21.83,RU,1612465497
422,Sobolevo,54.4299,31.8996,18.63,96,100,15.59,RU,1612465497
423,Marsaxlokk,35.8419,14.5431,60.01,94,0,6.91,MT,1612465497
424,Hobyo,5.3505,48.5268,76.82,78,0,17.83,SO,1612465497
425,Namatanai,-3.6667,152.4333,78.62,80,99,1.88,PG,1612465497
426,Geraldton,-28.7667,114.6,77.0,33,40,18.41,AU,1612465497
427,Kerema,-7.9631,145.7785,77.36,85,99,6.35,PG,1612465498
428,Vostok,46.4856,135.8833,-22.32,87,43,5.48,RU,1612465498
429,Keflavik,64.0049,-22.5624,37.4,81,75,27.63,IS,1612465498
430,Esso,55.9333,158.7,-2.54,84,100,4.29,RU,1612465498
431,Mabaruma,8.2,-59.7833,84.34,58,22,9.28,GY,1612465498
432,Aldan,58.6031,125.3894,-26.39,78,97,0.87,RU,1612465498
433,Kununurra,-15.7667,128.7333,78.8,100,100,3.44,AU,1612465498
434,Dunmore Town,25.5,-76.65,66.16,54,0,2.59,BS,1612465499
435,Moerai,-22.4333,-151.3333,81.23,71,19,10.16,PF,1612465499
436,Baykit,61.67,96.37,-3.59,88,100,2.57,RU,1612465499
437,Capão Da Canoa,-29.7456,-50.0097,80.82,58,12,16.71,BR,1612465392
438,Luruaco,10.6092,-75.1431,89.6,74,40,13.8,CO,1612465212
439,Asău,46.4333,26.4,51.8,58,0,14.97,RO,1612465500
440,Inta,66.0317,60.1659,-6.02,91,12,7.83,RU,1612465500
441,Valleyview,55.0667,-117.2859,-4.0,77,100,14.97,CA,1612465500
442,Benguela,-12.5763,13.4055,75.65,82,0,6.82,AO,1612465500
443,Phayao,19.25,100.25,66.02,62,0,0.49,TH,1612465500
444,Coahuayana Viejo,18.7333,-103.6833,84.2,45,20,6.91,MX,1612465500
445,Zhigansk,66.7697,123.3711,-42.86,74,0,12.37,RU,1612465501
446,Guerrero Negro,27.9769,-114.0611,66.99,53,77,16.96,MX,1612465501
447,Roald,62.5833,6.1333,24.8,39,0,13.8,NO,1612465501
448,Malanje,-9.5402,16.341,66.78,92,43,3.11,AO,1612465501
449,Tegul'Det,57.3064,88.1667,4.12,95,91,5.57,RU,1612465501
450,Changli,39.7042,119.1506,29.88,80,30,5.66,CN,1612465502
451,High Level,58.5169,-117.136,-16.6,69,40,8.05,CA,1612465502
452,Kasama,-10.2129,31.1808,63.66,96,100,3.62,ZM,1612465502
453,Konëvo,62.1215,39.3192,9.41,95,100,7.0,RU,1612465503
454,Santa Cruz De La Sierra,-17.8,-63.1667,84.2,54,75,17.27,BO,1612465204
455,Tongliao,43.6125,122.2653,9.86,93,0,6.15,CN,1612465503
456,Andújar,38.0392,-4.0508,55.67,80,95,1.81,ES,1612465504
457,São João Da Barra,-21.6403,-41.0511,86.0,58,0,20.71,BR,1612465504
458,Dinar,38.065,30.1656,48.2,71,0,4.61,TR,1612465504
459,Moïssala,8.3404,17.7663,85.08,16,0,2.71,TD,1612465504
460,Parnamirim,-5.9156,-35.2628,87.8,51,20,14.97,BR,1612465301
461,Yulara,-25.2406,130.9889,66.2,77,90,12.66,AU,1612465505
462,Acapulco De Juárez,16.8634,-99.8901,84.2,70,1,9.22,MX,1612465389
463,Dzaoudzi,-12.7887,45.2699,82.4,78,0,3.44,YT,1612465505
464,Verāval,20.9,70.3667,68.81,42,0,12.26,IN,1612465505
465,Port Keats,-14.25,129.55,82.08,79,100,15.77,AU,1612465506
466,Pacific Grove,36.6177,-121.9166,57.2,38,1,8.05,US,1612465506
467,Champerico,14.3,-91.9167,84.2,65,75,11.5,GT,1612465506
468,Soyo,-6.1349,12.3689,81.03,84,100,8.16,AO,1612465451
469,Kolosovka,56.4678,73.611,6.87,93,100,5.66,RU,1612465507
470,Yola,9.2,12.4833,84.24,14,0,0.6,NG,1612465507
471,Ostrovnoy,68.0531,39.5131,10.78,92,100,20.6,RU,1612465507
472,Sechura,-5.5569,-80.8222,82.8,54,100,12.82,PE,1612465507
473,Tomatlán,19.9333,-105.25,88.23,30,0,8.32,MX,1612465507
474,Pleasanton,37.6624,-121.8747,55.4,30,1,10.36,US,1612465508
475,Baykal'Sk,51.5058,104.1469,16.63,91,100,7.43,RU,1612465508
476,Arrondissement De Limoux,42.9167,2.1667,53.01,100,90,13.8,FR,1612465508
477,Dornoch,57.8805,-4.0288,37.0,93,75,18.41,GB,1612465508
478,Homer,59.6425,-151.5483,15.8,86,1,5.75,US,1612465509
479,Plouzané,48.3833,-4.6167,48.2,87,20,8.05,FR,1612465509
480,Olafsvik,64.8945,-23.7142,38.8,79,100,38.59,IS,1612465509
481,Voh,-20.9667,164.7,74.93,90,32,4.68,NC,1612465509
482,Biltine,14.5333,20.9167,73.06,20,0,10.13,TD,1612465509
483,Acarí,-15.4311,-74.6158,81.66,50,71,12.01,PE,1612465509
484,Balakhninskiy,58.0106,114.2769,-7.37,86,100,0.34,RU,1612465510
485,Espoo,60.25,24.6667,10.99,92,0,6.91,FI,1612465510
486,Acajutla,13.5928,-89.8275,80.6,36,0,10.29,SV,1612465455
487,Ulaanbaatar,47.9077,106.8832,5.0,85,0,2.24,MN,1612465510
488,Yaan,7.3833,8.5667,86.38,13,65,4.92,NG,1612465510
489,Preiļi,56.2944,26.7246,7.47,96,86,6.35,LV,1612465510
490,Itarema,-2.9248,-39.9167,84.43,64,100,16.17,BR,1612465511
491,Villazón,-22.0866,-65.5942,62.26,53,75,12.28,BO,1612465227
492,Derzhavīnsk,51.1,66.3167,28.33,98,100,10.78,KZ,1612465511
493,Yangjiang,21.85,111.9667,58.48,87,0,2.62,CN,1612465511
494,Bermejo,-32.8833,-68.8,87.8,20,0,9.22,AR,1612465511
495,Ibrā’,22.6906,58.5334,57.4,85,0,0.63,OM,1612465512
496,Skjervøy,70.0311,20.9714,32.0,86,90,10.36,NO,1612465512
497,Kudahuvadhoo,2.6708,72.8944,82.0,76,100,15.3,MV,1612465512
498,Linden,6.0,-58.3,84.2,70,75,18.41,GY,1612465512
499,Tuatapere,-46.1333,167.6833,47.46,85,50,3.91,NZ,1612465513
500,Sibiti,-3.6819,13.3499,72.48,93,98,1.03,CG,1612465331
501,Sola,-13.8833,167.55,78.8,94,90,10.49,VU,1612465513
502,Castelo Branco,39.8222,-7.4909,48.0,91,100,1.99,PT,1612465513
503,Requena,39.4883,-1.1004,53.01,84,100,3.85,ES,1612465514
504,Isla Mujeres,21.2311,-86.731,78.8,50,40,14.97,MX,1612465514
505,Pangoa,-12.1167,-73.0,86.83,53,62,5.44,PE,1612465514
506,Atasū,48.6814,71.6433,21.74,95,100,8.37,KZ,1612465514
507,Awjilah,29.1081,21.2869,59.07,57,0,5.61,LY,1612465514
508,Usinsk,65.9939,57.5281,-8.39,91,100,9.78,RU,1612465515
509,Praia Da Vitória,38.7333,-27.0667,53.6,87,75,26.55,PT,1612465515
510,Glendive,47.1053,-104.7125,17.6,62,1,20.71,US,1612465515
511,Gârbovi,44.7833,26.7667,52.0,76,0,14.97,RO,1612465515
512,Kaitong,44.8135,123.15,4.32,93,0,6.35,CN,1612465512
513,Novoagansk,61.9449,76.6625,-11.18,91,84,6.17,RU,1612465516
514,Beloha,-25.1667,45.05,79.54,75,45,6.06,MG,1612465516
515,Aksarka,66.5606,67.7975,-18.29,87,91,6.11,RU,1612465516
516,Bahía Blanca,-38.7196,-62.2724,87.08,19,0,12.55,AR,1612465396
517,Ambilobe,-13.2,49.05,76.14,91,86,1.57,MG,1612465516
518,Bukama,-9.2,25.85,72.21,84,39,0.94,CD,1612465517
519,Sisimiut,66.9395,-53.6735,2.61,74,0,13.94,GL,1612465517
520,Coos Bay,43.3665,-124.2179,46.4,76,1,4.61,US,1612465474
521,Ahipara,-35.1667,173.1667,61.56,82,37,3.85,NZ,1612465517
522,Antofagasta,-23.65,-70.4,73.99,64,20,13.8,CL,1612465517
523,Honningsvåg,70.9821,25.9704,32.0,80,75,20.71,NO,1612465518
524,Mopti,14.6667,-4.0,89.6,15,0,4.61,ML,1612465518
525,Tual,-5.6667,132.75,82.85,79,100,26.35,ID,1612465518
526,Mian Channu,30.44,72.3543,54.36,58,0,3.49,PK,1612465251
527,Chumikan,54.7183,135.315,-18.94,76,99,29.68,RU,1612465519
528,Nara,34.6851,135.8049,39.0,53,0,2.04,JP,1612465245
529,Plácido De Castro,-10.3353,-67.1856,93.76,48,75,1.63,BR,1612465519
530,Ejura,7.3856,-1.3562,92.07,26,77,2.06,GH,1612465519
531,Lagdo,9.05,13.7333,82.4,13,0,5.75,CM,1612465519
532,Russell,32.3502,-85.1999,53.6,30,90,5.75,US,1612465519
533,Lagoa,39.05,-27.9833,54.97,71,1,26.22,PT,1612465520
534,Gallup,35.5281,-108.7426,42.8,33,1,9.22,US,1612465520
535,Okhotsk,59.3833,143.3,1.83,89,100,12.41,RU,1612465520
536,Maraã,-1.8333,-65.3667,85.21,81,90,3.62,BR,1612465520
537,Saint-Joseph,-21.3667,55.6167,80.6,69,0,2.3,RE,1612465520
538,Buritis,-15.6178,-46.4233,85.86,56,53,5.28,BR,1612465521
539,Goundam,16.4145,-3.6708,77.79,14,99,5.5,ML,1612465521
540,Neiafu,-18.65,-173.9833,80.6,83,75,10.36,TO,1612465521
541,Inhambane,-23.865,35.3833,84.2,84,20,9.22,MZ,1612465521
542,Crotone,39.0851,17.1178,51.8,93,0,3.87,IT,1612465521
543,Niterói,-22.8833,-43.1036,100.4,52,20,11.5,BR,1612465238
544,Warri,5.5167,5.75,82.81,76,0,7.4,NG,1612465522
545,Puno,-15.8333,-70.0333,57.2,54,75,12.66,PE,1612465522
546,Coolidge,32.9778,-111.5176,70.0,26,1,9.22,US,1612465522
547,Tàrrega,41.647,1.1396,57.99,74,100,8.01,ES,1612465238
548,Tahe,52.3333,124.7333,-13.0,88,100,1.28,CN,1612465512
549,Yasothon,15.75,104.1333,63.73,85,0,9.57,TH,1612465522
550,Benalla,-36.55,145.9833,75.2,57,40,12.66,AU,1612465523
551,Cairns,-16.9167,145.7667,78.8,83,75,6.91,AU,1612465509
552,Retz,48.7494,15.9624,39.0,100,12,2.73,AT,1612465523
553,Vila Do Maio,15.1333,-23.2167,69.8,73,90,23.02,CV,1612465523
554,Portree,57.4129,-6.1942,34.0,88,100,8.99,GB,1612465523
555,Felipe Carrillo Puerto,19.5833,-88.05,80.22,53,39,5.88,MX,1612465524
556,Bandiagara,14.3501,-3.6104,89.6,15,0,4.61,ML,1612465524
557,Lianyuan,27.6883,111.6642,50.22,87,100,3.65,CN,1612465524
558,Znamenskoye,57.1281,73.8282,6.49,94,100,3.78,RU,1612465524
559,Hastings,50.8552,0.5729,46.99,87,51,1.99,GB,1612465524
560,Baturaden,-7.3,109.2167,66.06,100,100,5.79,ID,1612465524
561,Rudnogorsk,57.2639,103.7519,2.03,95,100,3.49,RU,1612465525
562,Riyadh,24.6877,46.7219,69.8,24,0,4.61,SA,1612465525
563,Puerto Escondido,15.85,-97.0667,84.2,74,20,11.5,MX,1612465525
564,Nzérékoré,7.7562,-8.8179,83.59,41,27,2.48,GN,1612465526
565,Severnoye,56.3491,78.3619,2.01,93,83,5.37,RU,1612465526
566,Teguise,29.0605,-13.564,59.0,88,20,5.75,ES,1612465526
567,Cherskiy,68.75,161.3,-9.72,71,8,11.41,RU,1612465526
568,St. George'S,12.0564,-61.7485,84.2,70,20,20.71,GD,1612465471
569,Doka,13.5167,35.7667,82.04,16,0,17.58,SD,1612465527
570,Sungai Penuh,-2.0833,101.3833,64.22,96,97,3.02,ID,1612465527
571,Winnemucca,40.973,-117.7357,35.6,55,1,3.44,US,1612465527
572,Samarai,-10.6167,150.6667,80.6,78,14,5.64,PG,1612465528
573,Trofors,65.5333,13.4063,-2.2,84,0,3.44,NO,1612465528
574,Mil'Kovo,54.7167,158.6167,-3.1,84,96,6.49,RU,1612465528
575,Leshukonskoye,64.8989,45.7622,6.46,95,100,9.86,RU,1612465528
576,Pemangkat,1.1667,108.9667,76.06,91,100,6.24,ID,1612465528
577,Buenos Aires,-34.6132,-58.3772,84.0,30,0,9.22,AR,1612465202
578,Mehamn,71.0357,27.8492,30.2,74,75,21.85,NO,1612465529
579,Tutóia,-2.7619,-42.2744,87.8,62,20,21.85,BR,1612465529
